{
  "baseline_mean": 90.07692307692308,
  "baseline_std": 0.7297563831157798,
  "n_sessions": 13,
  "lambda": 0.02999110316845057,
  "mean_training_distance": 3.5130590250731855,
  "std_training_distance": 0.21563113706897483,
  "per_feature_mean": [
    0.4603018926607524,
    0.06136617580832206,
    340.6332339128387,
    46.692173907938496,
    0.09457193300162066,
    0.16193862977402657,
    122.9993784109393,
    22.478620031165875,
    194.04376633050566,
    23.048192317195678,
    232.32237559036503,
    82.82972336042573,
    10.05020189679219,
    0.030432784138618163,
    1.575891370695764,
    3.0505749384943095,
    2469.457474540407,
    29.95233590875244,
    0.14182068448086899,
    0.13835741532059564,
    0.10984872851180819,
    0.06649413150599956,
    0.07341970410975773,
    0.05444446388229151,
    60.3781075349907,
    0.6722917178918716,
    4.2673401116270355,
    3.1133317103514218,
    0.9381891500051128,
    35824.25707924148,
    22962.36403358538,
    0.11538461538461536,
    0.09073233881314866,
    0.5207169910960207,
    0.07180677068944187,
    197032.7692932404,
    0.30244852714004333,
    10.615384615384615,
    6994.250747341106,
    389.11050825918085,
    78.99011768867672,
    35737.692014671185,
    0.8324320354032033,
    0.07692307692307693,
    0.04588547006703284,
    0.0,
    0.0,
    0.7692307692307693,
    7.23467372514593,
    0.0,
    0.8461538461538461,
    14.28371204520116,
    0.17436510447176726,
    0.08867361089514654,
    0.1560842215841354
  ],
  "per_feature_std": [
    0.20359703768255027,
    0.03540186529347918,
    188.68060983745738,
    26.10756986982797,
    0.051374841262679966,
    0.09356789967436811,
    58.570052274433436,
    12.980552563978078,
    46.39455772283398,
    10.261885031085397,
    102.11648362905784,
    35.91661757436889,
    4.9084007350955865,
    0.017982929253010198,
    1.018684620789575,
    2.026734705602828,
    1370.9314521265383,
    16.99108140233168,
    0.081125749156863,
    0.08614762229401586,
    0.06333512491519558,
    0.04007640278219004,
    0.04261982913275304,
    0.037179757144467515,
    27.331723422099554,
    0.29010209459480124,
    2.2694342650469816,
    1.6470723837767578,
    0.7186747940315783,
    19258.68778850185,
    12498.660268988831,
    0.06319875663521148,
    0.044546918187656055,
    0.4581176845528949,
    0.03251499258191429,
    107814.18473559427,
    0.45323281763483486,
    6.391562485489535,
    3321.6691568423885,
    327.89103408717887,
    43.97794877879664,
    17147.577952707663,
    0.36279707295343777,
    0.26646935501059654,
    0.02200031528885019,
    1e-06,
    1e-06,
    0.42132504423474315,
    4.194268264428982,
    1e-06,
    0.36080121229410994,
    9.083179890982056,
    0.4698931763230737,
    0.0767204795528253,
    0.11604610083002202
  ]
}